{"train_loss": [0.4972516819834709, 0.3901021406054497, 0.33441074192523956, 0.28783510625362396, 0.2516004592180252, 0.22267817333340645, 0.20333139225840569, 0.19116875156760216, 0.18049539625644684, 0.1758693903684616, 0.17335043847560883, 0.1723044365644455, 0.17067846283316612, 0.1688276194036007], "val_loss": [0.36771896481513977, 0.3027564287185669, 0.25016307830810547, 0.20844964683055878, 0.17622806131839752, 0.1517321616411209, 0.13213801383972168, 0.11882451176643372, 0.10868629813194275, 0.10253843665122986, 0.09810297191143036, 0.09591913223266602, 0.09424261003732681, 0.0925331711769104], "train_CCA_mean_corr": [0.8207225796353143, 0.8294838293499958, 0.8265174694603822, 0.8198356676171745, 0.8144413341414933, 0.810513848345454, 0.8073946483771914, 0.8047871231642431, 0.8022647822592571, 0.799983059511511, 0.7980962600627471, 0.7969652967398911, 0.7965179661241465, 0.796686692867944], "val_CCA_mean_corr": [0.8740297246856394, 0.8780112233170531, 0.8804719394428344, 0.8806266008467066, 0.8786715182875998, 0.8750864224984646, 0.8702587704271864, 0.8645479715245523, 0.8581746661232584, 0.8516167373490244, 0.8457803711324601, 0.8408555094200091, 0.8367418099790866, 0.8332923035374739]}